subject,count,link
"deary",64,"https://latahcountyhistoricalsociety.github.io/deary-pilot/browse.html#deary"
"idaho",60,"https://latahcountyhistoricalsociety.github.io/deary-pilot/browse.html#idaho"
"trees",10,"https://latahcountyhistoricalsociety.github.io/deary-pilot/browse.html#trees"
"main street",9,"https://latahcountyhistoricalsociety.github.io/deary-pilot/browse.html#main%20street"
"spud hill",8,"https://latahcountyhistoricalsociety.github.io/deary-pilot/browse.html#spud%20hill"
"snow",7,"https://latahcountyhistoricalsociety.github.io/deary-pilot/browse.html#snow"
"library",7,"https://latahcountyhistoricalsociety.github.io/deary-pilot/browse.html#library"
"flags",6,"https://latahcountyhistoricalsociety.github.io/deary-pilot/browse.html#flags"
"cars",6,"https://latahcountyhistoricalsociety.github.io/deary-pilot/browse.html#cars"
"horses",5,"https://latahcountyhistoricalsociety.github.io/deary-pilot/browse.html#horses"
"fashion",5,"https://latahcountyhistoricalsociety.github.io/deary-pilot/browse.html#fashion"
"home",5,"https://latahcountyhistoricalsociety.github.io/deary-pilot/browse.html#home"
"rural",5,"https://latahcountyhistoricalsociety.github.io/deary-pilot/browse.html#rural"
"church",5,"https://latahcountyhistoricalsociety.github.io/deary-pilot/browse.html#church"
"school",4,"https://latahcountyhistoricalsociety.github.io/deary-pilot/browse.html#school"
"sign",4,"https://latahcountyhistoricalsociety.github.io/deary-pilot/browse.html#sign"
"frame buildings",3,"https://latahcountyhistoricalsociety.github.io/deary-pilot/browse.html#frame%20buildings"
"dirt road",3,"https://latahcountyhistoricalsociety.github.io/deary-pilot/browse.html#dirt%20road"
"board sidewalk",3,"https://latahcountyhistoricalsociety.github.io/deary-pilot/browse.html#board%20sidewalk"
"logging",3,"https://latahcountyhistoricalsociety.github.io/deary-pilot/browse.html#logging"
"bank",3,"https://latahcountyhistoricalsociety.github.io/deary-pilot/browse.html#bank"
"post office",3,"https://latahcountyhistoricalsociety.github.io/deary-pilot/browse.html#post%20office"
"interior",3,"https://latahcountyhistoricalsociety.github.io/deary-pilot/browse.html#interior"
"basketball",3,"https://latahcountyhistoricalsociety.github.io/deary-pilot/browse.html#basketball"
"team",3,"https://latahcountyhistoricalsociety.github.io/deary-pilot/browse.html#team"
"uniforms",3,"https://latahcountyhistoricalsociety.github.io/deary-pilot/browse.html#uniforms"
"homesteading",2,"https://latahcountyhistoricalsociety.github.io/deary-pilot/browse.html#homesteading"
"elevator",2,"https://latahcountyhistoricalsociety.github.io/deary-pilot/browse.html#elevator"
"hotel",2,"https://latahcountyhistoricalsociety.github.io/deary-pilot/browse.html#hotel"
"porch",2,"https://latahcountyhistoricalsociety.github.io/deary-pilot/browse.html#porch"
"general store",2,"https://latahcountyhistoricalsociety.github.io/deary-pilot/browse.html#general%20store"
"lumber",2,"https://latahcountyhistoricalsociety.github.io/deary-pilot/browse.html#lumber"
"blacksmith",2,"https://latahcountyhistoricalsociety.github.io/deary-pilot/browse.html#blacksmith"
"railroad tracks",2,"https://latahcountyhistoricalsociety.github.io/deary-pilot/browse.html#railroad%20tracks"
"train depot",2,"https://latahcountyhistoricalsociety.github.io/deary-pilot/browse.html#train%20depot"
"books",2,"https://latahcountyhistoricalsociety.github.io/deary-pilot/browse.html#books"
"orvik family",2,"https://latahcountyhistoricalsociety.github.io/deary-pilot/browse.html#orvik%20family"
"big bear ridge",2,"https://latahcountyhistoricalsociety.github.io/deary-pilot/browse.html#big%20bear%20ridge"
"windows",2,"https://latahcountyhistoricalsociety.github.io/deary-pilot/browse.html#windows"
"students",2,"https://latahcountyhistoricalsociety.github.io/deary-pilot/browse.html#students"
"pine trees",2,"https://latahcountyhistoricalsociety.github.io/deary-pilot/browse.html#pine%20trees"
"women's group",2,"https://latahcountyhistoricalsociety.github.io/deary-pilot/browse.html#women's%20group"
"harvesting",2,"https://latahcountyhistoricalsociety.github.io/deary-pilot/browse.html#harvesting"
"farm work",2,"https://latahcountyhistoricalsociety.github.io/deary-pilot/browse.html#farm%20work"
"anton lee",2,"https://latahcountyhistoricalsociety.github.io/deary-pilot/browse.html#anton%20lee"
"cabins",1,"https://latahcountyhistoricalsociety.github.io/deary-pilot/browse.html#cabins"
"downtown",1,"https://latahcountyhistoricalsociety.github.io/deary-pilot/browse.html#downtown"
"merry-go-round",1,"https://latahcountyhistoricalsociety.github.io/deary-pilot/browse.html#merry-go-round"
"carousel",1,"https://latahcountyhistoricalsociety.github.io/deary-pilot/browse.html#carousel"
"parade",1,"https://latahcountyhistoricalsociety.github.io/deary-pilot/browse.html#parade"
"dog",1,"https://latahcountyhistoricalsociety.github.io/deary-pilot/browse.html#dog"
"fire",1,"https://latahcountyhistoricalsociety.github.io/deary-pilot/browse.html#fire"
"rubble",1,"https://latahcountyhistoricalsociety.github.io/deary-pilot/browse.html#rubble"
"sidewalk",1,"https://latahcountyhistoricalsociety.github.io/deary-pilot/browse.html#sidewalk"
"franklin",1,"https://latahcountyhistoricalsociety.github.io/deary-pilot/browse.html#franklin"
"businesses",1,"https://latahcountyhistoricalsociety.github.io/deary-pilot/browse.html#businesses"
"pickups",1,"https://latahcountyhistoricalsociety.github.io/deary-pilot/browse.html#pickups"
"gas station",1,"https://latahcountyhistoricalsociety.github.io/deary-pilot/browse.html#gas%20station"
"business",1,"https://latahcountyhistoricalsociety.github.io/deary-pilot/browse.html#business"
"mill",1,"https://latahcountyhistoricalsociety.github.io/deary-pilot/browse.html#mill"
"logs",1,"https://latahcountyhistoricalsociety.github.io/deary-pilot/browse.html#logs"
"wagon",1,"https://latahcountyhistoricalsociety.github.io/deary-pilot/browse.html#wagon"
"horse shoeing",1,"https://latahcountyhistoricalsociety.github.io/deary-pilot/browse.html#horse%20shoeing"
"lumber company",1,"https://latahcountyhistoricalsociety.github.io/deary-pilot/browse.html#lumber%20company"
"pool hall",1,"https://latahcountyhistoricalsociety.github.io/deary-pilot/browse.html#pool%20hall"
"pool cue sticks",1,"https://latahcountyhistoricalsociety.github.io/deary-pilot/browse.html#pool%20cue%20sticks"
"light fixture",1,"https://latahcountyhistoricalsociety.github.io/deary-pilot/browse.html#light%20fixture"
"cigars",1,"https://latahcountyhistoricalsociety.github.io/deary-pilot/browse.html#cigars"
"window displays",1,"https://latahcountyhistoricalsociety.github.io/deary-pilot/browse.html#window%20displays"
"cream separators",1,"https://latahcountyhistoricalsociety.github.io/deary-pilot/browse.html#cream%20separators"
"milk cans",1,"https://latahcountyhistoricalsociety.github.io/deary-pilot/browse.html#milk%20cans"
"steam locomotive",1,"https://latahcountyhistoricalsociety.github.io/deary-pilot/browse.html#steam%20locomotive"
"tires",1,"https://latahcountyhistoricalsociety.github.io/deary-pilot/browse.html#tires"
"garage",1,"https://latahcountyhistoricalsociety.github.io/deary-pilot/browse.html#garage"
"cap",1,"https://latahcountyhistoricalsociety.github.io/deary-pilot/browse.html#cap"
"remedies",1,"https://latahcountyhistoricalsociety.github.io/deary-pilot/browse.html#remedies"
"toilet articles",1,"https://latahcountyhistoricalsociety.github.io/deary-pilot/browse.html#toilet%20articles"
"mcconnon's",1,"https://latahcountyhistoricalsociety.github.io/deary-pilot/browse.html#mcconnon's"
"horse drawn",1,"https://latahcountyhistoricalsociety.github.io/deary-pilot/browse.html#horse%20drawn"
"cart",1,"https://latahcountyhistoricalsociety.github.io/deary-pilot/browse.html#cart"
"7-up",1,"https://latahcountyhistoricalsociety.github.io/deary-pilot/browse.html#7-up"
"mexican-american",1,"https://latahcountyhistoricalsociety.github.io/deary-pilot/browse.html#mexican-american"
"resteraunt",1,"https://latahcountyhistoricalsociety.github.io/deary-pilot/browse.html#resteraunt"
"food",1,"https://latahcountyhistoricalsociety.github.io/deary-pilot/browse.html#food"
"latah county",1,"https://latahcountyhistoricalsociety.github.io/deary-pilot/browse.html#latah%20county"
"boardwalk",1,"https://latahcountyhistoricalsociety.github.io/deary-pilot/browse.html#boardwalk"
"table",1,"https://latahcountyhistoricalsociety.github.io/deary-pilot/browse.html#table"
"snoopy",1,"https://latahcountyhistoricalsociety.github.io/deary-pilot/browse.html#snoopy"
"microfilm",1,"https://latahcountyhistoricalsociety.github.io/deary-pilot/browse.html#microfilm"
"exterior",1,"https://latahcountyhistoricalsociety.github.io/deary-pilot/browse.html#exterior"
"hillside",1,"https://latahcountyhistoricalsociety.github.io/deary-pilot/browse.html#hillside"
"cattle",1,"https://latahcountyhistoricalsociety.github.io/deary-pilot/browse.html#cattle"
"photographer studio",1,"https://latahcountyhistoricalsociety.github.io/deary-pilot/browse.html#photographer%20studio"
"rifles",1,"https://latahcountyhistoricalsociety.github.io/deary-pilot/browse.html#rifles"
"equipment",1,"https://latahcountyhistoricalsociety.github.io/deary-pilot/browse.html#equipment"
"axtell family",1,"https://latahcountyhistoricalsociety.github.io/deary-pilot/browse.html#axtell%20family"
"farm",1,"https://latahcountyhistoricalsociety.github.io/deary-pilot/browse.html#farm"
"brick buildings",1,"https://latahcountyhistoricalsociety.github.io/deary-pilot/browse.html#brick%20buildings"
"sports",1,"https://latahcountyhistoricalsociety.github.io/deary-pilot/browse.html#sports"
"cupola",1,"https://latahcountyhistoricalsociety.github.io/deary-pilot/browse.html#cupola"
"winter",1,"https://latahcountyhistoricalsociety.github.io/deary-pilot/browse.html#winter"
"knee pads",1,"https://latahcountyhistoricalsociety.github.io/deary-pilot/browse.html#knee%20pads"
"bell tower",1,"https://latahcountyhistoricalsociety.github.io/deary-pilot/browse.html#bell%20tower"
"truck",1,"https://latahcountyhistoricalsociety.github.io/deary-pilot/browse.html#truck"
"construction",1,"https://latahcountyhistoricalsociety.github.io/deary-pilot/browse.html#construction"
"cemetery",1,"https://latahcountyhistoricalsociety.github.io/deary-pilot/browse.html#cemetery"
"musical instruments",1,"https://latahcountyhistoricalsociety.github.io/deary-pilot/browse.html#musical%20instruments"
"band",1,"https://latahcountyhistoricalsociety.github.io/deary-pilot/browse.html#band"
"buzz saw",1,"https://latahcountyhistoricalsociety.github.io/deary-pilot/browse.html#buzz%20saw"
"gears",1,"https://latahcountyhistoricalsociety.github.io/deary-pilot/browse.html#gears"
"metal wheels",1,"https://latahcountyhistoricalsociety.github.io/deary-pilot/browse.html#metal%20wheels"
"engine",1,"https://latahcountyhistoricalsociety.github.io/deary-pilot/browse.html#engine"
"quilters",1,"https://latahcountyhistoricalsociety.github.io/deary-pilot/browse.html#quilters"
"social club",1,"https://latahcountyhistoricalsociety.github.io/deary-pilot/browse.html#social%20club"
"children",1,"https://latahcountyhistoricalsociety.github.io/deary-pilot/browse.html#children"
"threshing machine",1,"https://latahcountyhistoricalsociety.github.io/deary-pilot/browse.html#threshing%20machine"
"cookwagon",1,"https://latahcountyhistoricalsociety.github.io/deary-pilot/browse.html#cookwagon"
"timber",1,"https://latahcountyhistoricalsociety.github.io/deary-pilot/browse.html#timber"
"keith petersen",1,"https://latahcountyhistoricalsociety.github.io/deary-pilot/browse.html#keith%20petersen"
"spokesman-review",1,"https://latahcountyhistoricalsociety.github.io/deary-pilot/browse.html#spokesman-review"
"dimond",1,"https://latahcountyhistoricalsociety.github.io/deary-pilot/browse.html#dimond"
